time(sec), throughput(txs), avg_latency(ms), min(ms), max(ms), 25th_lat(ms), median_lat(ms), 75th_lat(ms)
0, 2345, 0.139872, 0, 6, 0, 0, 0
1, 2454, 0.102689, 0, 3, 0, 0, 0
2, 2027, 0.336951, 0, 19, 0, 0, 1
3, 2201, 0.240345, 0, 4, 0, 0, 0
4, 2399, 0.127136, 0, 3, 0, 0, 0
5, 2528, 0.060918, 0, 4, 0, 0, 0
6, 2558, 0.048084, 0, 3, 0, 0, 0
7, 2414, 0.123447, 0, 3, 0, 0, 0
8, 2465, 0.091684, 0, 2, 0, 0, 0
9, 2331, 0.155727, 0, 2, 0, 0, 0
10, 2466, 0.086780, 0, 3, 0, 0, 0
11, 2350, 0.152766, 0, 3, 0, 0, 0
12, 2126, 0.276105, 0, 3, 0, 0, 1
13, 1979, 0.369884, 0, 8, 0, 0, 1
14, 2168, 0.256919, 0, 5, 0, 0, 0
15, 2243, 0.207312, 0, 6, 0, 0, 0
16, 2335, 0.150749, 0, 4, 0, 0, 0
17, 2097, 0.290415, 0, 6, 0, 0, 1
18, 2158, 0.258573, 0, 4, 0, 0, 1
19, 2390, 0.121757, 0, 3, 0, 0, 0
20, 2130, 0.258685, 0, 8, 0, 0, 0
21, 2436, 0.100164, 0, 3, 0, 0, 0
22, 2169, 0.254495, 0, 4, 0, 0, 0
23, 2258, 0.198849, 0, 3, 0, 0, 0
24, 2304, 0.167969, 0, 5, 0, 0, 0
25, 2336, 0.162243, 0, 3, 0, 0, 0
26, 2416, 0.100166, 0, 3, 0, 0, 0
27, 2262, 0.196286, 0, 2, 0, 0, 0
28, 2162, 0.257169, 0, 3, 0, 0, 1
29, 2272, 0.191901, 0, 3, 0, 0, 0
30, 2435, 0.105544, 0, 2, 0, 0, 0
31, 2401, 0.120367, 0, 4, 0, 0, 0
32, 1879, 0.443853, 0, 22, 0, 0, 1
33, 2128, 0.257049, 0, 19, 0, 0, 0
34, 2143, 0.253850, 0, 6, 0, 0, 0
35, 2341, 0.141820, 0, 16, 0, 0, 0
36, 2098, 0.266444, 0, 6, 0, 0, 0
37, 1978, 0.362487, 0, 15, 0, 0, 1
38, 2190, 0.222374, 0, 6, 0, 0, 0
39, 2099, 0.288709, 0, 7, 0, 0, 1
40, 2069, 0.313678, 0, 9, 0, 0, 1
41, 1558, 0.654685, 0, 18, 0, 0, 1
42, 2111, 0.288015, 0, 10, 0, 0, 1
43, 2114, 0.274361, 0, 5, 0, 0, 1
44, 2322, 0.170112, 0, 3, 0, 0, 0
45, 2388, 0.131910, 0, 3, 0, 0, 0
46, 2462, 0.081235, 0, 3, 0, 0, 0
47, 2203, 0.232410, 0, 7, 0, 0, 0
48, 2116, 0.288752, 0, 4, 0, 0, 1
49, 2115, 0.260520, 0, 12, 0, 0, 0
50, 2319, 0.161276, 0, 2, 0, 0, 0
51, 1953, 0.351767, 0, 19, 0, 0, 1
52, 1662, 0.558965, 0, 15, 0, 0, 1
53, 1864, 0.422210, 0, 20, 0, 0, 1
54, 2132, 0.251407, 0, 18, 0, 0, 0
55, 2107, 0.251542, 0, 32, 0, 0, 0
56, 2339, 0.169303, 0, 2, 0, 0, 0
57, 2378, 0.125315, 0, 2, 0, 0, 0
58, 2273, 0.193137, 0, 3, 0, 0, 0
59, 2130, 0.274178, 0, 3, 0, 0, 1
60, 3, 0.666667, 0, 1, 0, 1, 1
